"Sort Key","Type","Name","Version","Name Space Id","Description","Steward","Value Type","Minimum Cardinality","Maximum Cardinality","Minimum Value","Maximum Value","Minimum Characters","Maximum Characters","Unit of Measure Type","Specified Unit Id","Attribute Concept","Conceptual Domain"
"dawn:TELREADOUT:1                    ","Class","TELREADOUT","1.0.0.0","dawn","A single scaler accumulation interval, and the first and last records and SCLKs for which the interval was in effect.","ppi","","","","","","","","","","",""
"dawn:TELREADOUT:2                     dawn:grand_start_sclk:1              ","Attribute","grand_start_sclk","n/a","dawn","The first SCLK for which this readout is applicable","ppi","ASCII_Integer","1","1","1","9223372036854775807","Unbounded","Unbounded","Units_of_None","none","TBD_classConcept","INTEGER"
"dawn:TELREADOUT:2                     dawn:grand_stop_sclk:1               ","Attribute","grand_stop_sclk","n/a","dawn","The last SCLK for which this readout is applicable","ppi","ASCII_Integer","1","1","1","9223372036854775807","Unbounded","Unbounded","Units_of_None","none","TBD_classConcept","INTEGER"
"dawn:TELREADOUT:2                     dawn:grand_interval:1                ","Attribute","grand_interval","n/a","dawn","The duration of the interval.","ppi","ASCII_Integer","1","1","1","9223372036854775807","Unbounded","Unbounded","Units_of_Time","none","TBD_classConcept","INTEGER"
"dawn:TELREADOUT:2                     dawn:comment:1                       ","Attribute","comment","n/a","dawn","Remarks about the containing object.","ppi","ASCII_String","0","1","Unbounded","Unbounded","1","Unbounded","Units_of_None","none","TBD_classConcept","SHORT_STRING"
"dawn:TELREADOUT_List:1               ","Class","TELREADOUT_List","1.0.0.0","dawn","A list of scaler accumulation intervals, along with the records for which they were in effect.","ppi","","","","","","","","","","",""
"dawn:TELSOH:1                        ","Class","TELSOH","1.0.0.0","dawn","A single state-of-health accumulation interval, and the first and last records and SCLKs for which the interval was in effect.","ppi","","","","","","","","","","",""
"dawn:TELSOH:2                         dawn:grand_start_sclk:1              ","Attribute","grand_start_sclk","n/a","dawn","The first SCLK for which this readout is applicable","ppi","ASCII_Integer","1","1","1","9223372036854775807","Unbounded","Unbounded","Units_of_None","none","TBD_classConcept","INTEGER"
"dawn:TELSOH:2                         dawn:grand_stop_sclk:1               ","Attribute","grand_stop_sclk","n/a","dawn","The last SCLK for which this readout is applicable","ppi","ASCII_Integer","1","1","1","9223372036854775807","Unbounded","Unbounded","Units_of_None","none","TBD_classConcept","INTEGER"
"dawn:TELSOH:2                         dawn:grand_interval:1                ","Attribute","grand_interval","n/a","dawn","The duration of the interval.","ppi","ASCII_Integer","1","1","1","9223372036854775807","Unbounded","Unbounded","Units_of_Time","none","TBD_classConcept","INTEGER"
"dawn:TELSOH:2                         dawn:comment:1                       ","Attribute","comment","n/a","dawn","Remarks about the containing object.","ppi","ASCII_String","0","1","Unbounded","Unbounded","1","Unbounded","Units_of_None","none","TBD_classConcept","SHORT_STRING"
"dawn:TELSOH_List:1                   ","Class","TELSOH_List","1.0.0.0","dawn","A list of state-of-health accumulation intervals, along with the records for which they were in effect.","ppi","","","","","","","","","","",""
"dawn:fc:1                            ","Class","fc","1.0.0.0","dawn","The Dawn "fc" class is the container for Dawn Framing Camera (FC) specific metadata elements. ","ppi","","","","","","","","","","",""
"dawn:fc:2                             dawn:callamp_delay_time:1            ","Attribute","callamp_delay_time","n/a","dawn","Callamp switch on delay measured in microseconds after START_TIME. Callamp can be switched on before (less than 193000 µs), at (= 193000 µs), or after (greater than 193000 µs) begin of exposure. ","ppi","ASCII_Integer","0","1","0","10000000","Unbounded","Unbounded","Units_of_None","none","TBD_classConcept","INTEGER"
"dawn:fc:2                             dawn:callamp_duty:1                  ","Attribute","callamp_duty","n/a","dawn","The callamp can be run at various duty cycles between 0.0 % and 100.0 % by using only every other pulse of the callamp frequency to trigger the callamp. DAWN_CALLAMP_DUTY = CALLAMP_FREQUENCY / Value * 100 % Example: Value = 1.0 : DAWN_CALLAMP_DUTY = 100 % Value = 2.5 : DAWN_CALLAMP_DUTY = 40 % This calculation is done internally in the camera, the user commands the requensted duty cycle in percentage.","ppi","ASCII_Real","0","1","0.0","100.0","Unbounded","Unbounded","Units_of_None","none","TBD_classConcept","REAL"
"dawn:fc:2                             dawn:callamp_enable_flag:1           ","Attribute","callamp_enable_flag","n/a","dawn","OFF = callamp set to disabled ON = callamp set to enabled","ppi","ASCII_String","0","1","Unbounded","Unbounded","1","Unbounded","Units_of_None","none","TBD_classConcept","SHORT_STRING"
"dawn:fc:2                             dawn:callamp_enable_flag:2            Value:OFF","Value","OFF","","","TBD_Ingest_LDD"
"dawn:fc:2                             dawn:callamp_enable_flag:2            Value:ON","Value","ON","","","TBD_Ingest_LDD"
"dawn:fc:2                             dawn:callamp_frequency:1             ","Attribute","callamp_frequency","n/a","dawn","The callamp frequency is determined by the internal 24 MHz clock and an integer divisor. CALLAMP_FREQUENCY = 24 MHz / Value The standard callamp frequency is 100 kHz (24MHz / 240).","ppi","ASCII_Real","0","1","0.0","250.0","Unbounded","Unbounded","Units_of_None","none","TBD_classConcept","REAL"
"dawn:fc:2                             dawn:callamp_strobe_time:1           ","Attribute","callamp_strobe_time","n/a","dawn","Callamp strobe time is measured in microseconds after callamp switch on. callamp switch off time = START_TIME + DAWN_CALLAMP_DELAY_TIME + DAWN_CALLAMP_STROBE_TIME","ppi","ASCII_Integer","0","1","0","10000000","Unbounded","Unbounded","Units_of_None","none","TBD_classConcept","INTEGER"
"dawn:fc:2                             dawn:chamber:1                       ","Attribute","chamber","n/a","dawn","This keyword was used during ground tests to describe the test environment.","ppi","ASCII_String","0","1","Unbounded","Unbounded","1","Unbounded","Units_of_None","none","TBD_classConcept","SHORT_STRING"
"dawn:fc:2                             dawn:data_routing_id:1               ","Attribute","data_routing_id","n/a","dawn","This keyword describes the priority of the acquired image and thus how it was handled on board. Op-Nav = The image is processed with highest priority and streamed into VR10 of the s/c. Science 1 = The image is processed with high priority and streamed into VR8 of the s/c. Science 2 = The image is processed with mid priority and streamed into VR8 of the s/c. Science 3 = The image is processed with low priority and streamed into VR8 of the s/c. Science 4 = The image is processed with least priority and streamed into VR8 of the s/c. ","ppi","ASCII_String","0","1","Unbounded","Unbounded","1","Unbounded","Units_of_None","none","TBD_classConcept","SHORT_STRING"
"dawn:fc:2                             dawn:data_routing_id:2                Value:Op-Nav","Value","Op-Nav","","","TBD_Ingest_LDD"
"dawn:fc:2                             dawn:data_routing_id:2                Value:Science 1","Value","Science 1","","","TBD_Ingest_LDD"
"dawn:fc:2                             dawn:data_routing_id:2                Value:Science 1","Value","Science 1","","","TBD_Ingest_LDD"
"dawn:fc:2                             dawn:data_routing_id:2                Value:Science 1","Value","Science 1","","","TBD_Ingest_LDD"
"dawn:fc:2                             dawn:data_routing_id:2                Value:Science 1","Value","Science 1","","","TBD_Ingest_LDD"
"dawn:fc:2                             dawn:dpu_hardware_id:1               ","Attribute","dpu_hardware_id","n/a","dawn","Both DPUs for FC1 and FC2 have the same DPU ID because they are identical.","ppi","ASCII_String","0","1","Unbounded","Unbounded","1","Unbounded","Units_of_None","none","TBD_classConcept","SHORT_STRING"
"dawn:fc:2                             dawn:dpu_software_version:1          ","Attribute","dpu_software_version","n/a","dawn","Current version of the FC onboard software","ppi","ASCII_String","0","1","Unbounded","Unbounded","1","Unbounded","Units_of_None","none","TBD_classConcept","SHORT_STRING"
"dawn:fc:2                             dawn:fee_flag:1                      ","Attribute","fee_flag","n/a","dawn","OFF = FEE is disabled, images cannot be acquired ON = FEE is enabled, images can be acquired","ppi","ASCII_String","0","1","Unbounded","Unbounded","1","Unbounded","Units_of_None","none","TBD_classConcept","SHORT_STRING"
"dawn:fc:2                             dawn:fee_flag:2                       Value:OFF","Value","OFF","","","TBD_Ingest_LDD"
"dawn:fc:2                             dawn:fee_flag:2                       Value:ON","Value","ON","","","TBD_Ingest_LDD"
"dawn:fc:2                             dawn:fee_hardware_id:1               ","Attribute","fee_hardware_id","n/a","dawn","017.10.10 = FEE ID of FC1 (FS1) 017.09.09 = FEE ID of FC2 (FM2) 063.15.15 indicates that the FEE is off or busy and cannot transmit its ID.","ppi","ASCII_String","0","1","Unbounded","Unbounded","1","Unbounded","Units_of_None","none","TBD_classConcept","SHORT_STRING"
"dawn:fc:2                             dawn:fee_hardware_id:2                Value:017.09.09","Value","017.09.09","","","TBD_Ingest_LDD"
"dawn:fc:2                             dawn:fee_hardware_id:2                Value:017.10.10","Value","017.10.10","","","TBD_Ingest_LDD"
"dawn:fc:2                             dawn:filter_encoder:1                ","Attribute","filter_encoder","n/a","dawn","FILTER_NUMBER = (((64 + 4 + encoderOnClearFilter - FILTER_ENCODER) / 8) MOD 8) + 1 encoderOnClearFilter is a hardware-dependent constant filterEncoder is the current readout of the encoder filterNumber return a value in the range [1..8]. All the operation are integer operations, MOD represents modulo and / is the integer division. The subtraction is negative (F1 - Fx) because the encoder value decreases with increasing filter number.","ppi","ASCII_Integer","0","1","0","63","Unbounded","Unbounded","Units_of_None","none","TBD_classConcept","INTEGER"
"dawn:fc:2                             dawn:front_dood_status_id:1          ","Attribute","front_dood_status_id","n/a","dawn","CLOSED = Front Door, covering the aperture, is closed. DOOR = Front Door is open.","ppi","ASCII_String","0","1","Unbounded","Unbounded","1","Unbounded","Units_of_None","none","TBD_classConcept","SHORT_STRING"
"dawn:fc:2                             dawn:front_dood_status_id:2           Value:CLOSED","Value","CLOSED","","","TBD_Ingest_LDD"
"dawn:fc:2                             dawn:front_dood_status_id:2           Value:OPEN","Value","OPEN","","","TBD_Ingest_LDD"
"dawn:fc:2                             dawn:front_door_encoder:1            ","Attribute","front_door_encoder","n/a","dawn","The Front Door is closed if FRONT_DOOR_ENCODER shows the nominal value +/- 1 and otherwise is open.","ppi","ASCII_Integer","0","1","0","63","Unbounded","Unbounded","Units_of_None","none","TBD_classConcept","INTEGER"
"dawn:fc:2                             dawn:fsa_shoot_enable_flag:1         ","Attribute","fsa_shoot_enable_flag","n/a","dawn","Fail Safe Actuator: OFF = The Fail Safe Actuator for the Front Door is disabled. ON = The Fail Safe Actuator for the Front Door is enabled. FSA_SHOOT_FLAG can be switched ON now.","ppi","ASCII_String","0","1","Unbounded","Unbounded","1","Unbounded","Units_of_None","none","TBD_classConcept","SHORT_STRING"
"dawn:fc:2                             dawn:fsa_shoot_enable_flag:2          Value:OFF","Value","OFF","","","TBD_Ingest_LDD"
"dawn:fc:2                             dawn:fsa_shoot_enable_flag:2          Value:ON","Value","ON","","","TBD_Ingest_LDD"
"dawn:fc:2                             dawn:fsa_shoot_flag:1                ","Attribute","fsa_shoot_flag","n/a","dawn","Fail Safe Actuator: OFF = The Fail Safe Actuator for the Front Door is switched off. ON = The Fail Safe Actuator for the Front Door is switched on.","ppi","ASCII_String","0","1","Unbounded","Unbounded","1","Unbounded","Units_of_None","none","TBD_classConcept","SHORT_STRING"
"dawn:fc:2                             dawn:fsa_shoot_flag:2                 Value:OFF","Value","OFF","","","TBD_Ingest_LDD"
"dawn:fc:2                             dawn:fsa_shoot_flag:2                 Value:ON","Value","ON","","","TBD_Ingest_LDD"
"dawn:fc:2                             dawn:heater0_flag:1                  ","Attribute","heater0_flag","n/a","dawn","Camera Head Heater: OFF = The CH heater (HEATER0) is switched on. ON = The CH heater (HEATER0) is switched off. The heater produces 4.4 W (5.6 Ohm at +5 V)","ppi","ASCII_String","0","1","Unbounded","Unbounded","1","Unbounded","Units_of_None","none","TBD_classConcept","SHORT_STRING"
"dawn:fc:2                             dawn:heater0_flag:2                   Value:OFF","Value","OFF","","","TBD_Ingest_LDD"
"dawn:fc:2                             dawn:heater0_flag:2                   Value:ON","Value","ON","","","TBD_Ingest_LDD"
"dawn:fc:2                             dawn:heater1_flag:1                  ","Attribute","heater1_flag","n/a","dawn","Baffle Heater: OFF = The Baffle heater (HEATER1) is switched on. ON = The Baffle heater (HEATER1) is switched off. The heater produces 1.0 W (26 Ohm at +5 V)","ppi","ASCII_String","0","1","Unbounded","Unbounded","1","Unbounded","Units_of_None","none","TBD_classConcept","SHORT_STRING"
"dawn:fc:2                             dawn:heater1_flag:2                   Value:OFF","Value","OFF","","","TBD_Ingest_LDD"
"dawn:fc:2                             dawn:heater1_flag:2                   Value:ON","Value","ON","","","TBD_Ingest_LDD"
"dawn:fc:2                             dawn:image_acquire_mode:1            ","Attribute","image_acquire_mode","n/a","dawn","This keyword describes the mode of image acquisition. NORMAL = The image was acquired with Front Door open. DARK = The image was acquired with Front Door closed and the Callamp off. FLATFIELD = The image was acquired with Front Door closed and the Callamp on. STORAGE = The image shows the readout of the storage area of the CCD. SERIAL = The artificial image shows the readout of the serial register. TEST_CH = The artificial iamge shows a test pattern with DNs from 0 to 16382.","ppi","ASCII_String","0","1","Unbounded","Unbounded","1","Unbounded","Units_of_None","none","TBD_classConcept","SHORT_STRING"
"dawn:fc:2                             dawn:image_acquire_mode:2             Value:NORMAL","Value","NORMAL","","","TBD_Ingest_LDD"
"dawn:fc:2                             dawn:image_acquire_mode:2             Value:DARK","Value","DARK","","","TBD_Ingest_LDD"
"dawn:fc:2                             dawn:image_acquire_mode:2             Value:FLATFIELD","Value","FLATFIELD","","","TBD_Ingest_LDD"
"dawn:fc:2                             dawn:image_acquire_mode:2             Value:STORAGE","Value","STORAGE","","","TBD_Ingest_LDD"
"dawn:fc:2                             dawn:image_acquire_mode:2             Value:SERIAL","Value","SERIAL","","","TBD_Ingest_LDD"
"dawn:fc:2                             dawn:image_acquire_mode:2             Value:TEST_CH","Value","TEST_CH","","","TBD_Ingest_LDD"
"dawn:fc:2                             dawn:i_12:1                          ","Attribute","i_12","n/a","dawn","Name: C12FEE Location: PCU H/K Sensor: PCU Current Monitor Sensor Type: Current Sensor Gain: 0.02 Offset: 0 Sensor Offset FC1: 0 Sensor Offset FC2: 0 I_12 = DN * Gain + Offset + Sensor Offset [mA] Lower limit red: 50 mA Lower limit yellow: 60 mA Upper limit yellow: 100 mA Upper limit red: 200 mA","ppi","ASCII_Real","0","1","-9999.999","9999.999","Unbounded","Unbounded","Units_of_None","none","TBD_classConcept","REAL"
"dawn:fc:2                             dawn:i_16:1                          ","Attribute","i_16","n/a","dawn","Name: C16V15 Location: PCU H/K Sensor: PCU Current Monitor Sensor Type: Current Sensor Gain: 0.009 Offset: 0 Sensor Offset FC1: 0 Sensor Offset FC2: 0 I_16 = DN * Gain + Offset + Sensor Offset [mA] Lower limit red: 20 mA Lower limit yellow: 30 mA Upper limit yellow: 60 mA Upper limit red: 100 mA","ppi","ASCII_Real","0","1","-9999.999","9999.999","Unbounded","Unbounded","Units_of_None","none","TBD_classConcept","REAL"
"dawn:fc:2                             dawn:i_28:1                          ","Attribute","i_28","n/a","dawn","Name: C28M Location: PCU H/K Sensor: MAIN +28V Current Monitor Sensor Type: Current Sensor Gain: 0.0016 Offset: 0 Sensor Offset FC1: 0 Sensor Offset FC2: 0 I_28 = DN * Gain + Offset + Sensor Offset [mA] Lower limit red: 200 mA Lower limit yellow: 250 mA Upper limit yellow: 1200 mA Upper limit red: 1400 mA","ppi","ASCII_Real","0","1","-9999.999","9999.999","Unbounded","Unbounded","Units_of_None","none","TBD_classConcept","REAL"
"dawn:fc:2                             dawn:i_2_5:1                         ","Attribute","i_2_5","n/a","dawn","Name: C2.5AN Location: PCU H/K Sensor: PCU Current Monitor Sensor Type: Current Sensor Gain: 0.15 Offset: 0 Sensor Offset FC1: 0 Sensor Offset FC2: 0 I_2_5 = DN * Gain + Offset + Sensor Offset [mA] Lower limit red: 250 mA Lower limit yellow: 300 mA Upper limit yellow: 900 mA Upper limit red: 1000 mA","ppi","ASCII_Real","0","1","-9999.999","9999.999","Unbounded","Unbounded","Units_of_None","none","TBD_classConcept","REAL"
"dawn:fc:2                             dawn:i_3_3:1                         ","Attribute","i_3_3","n/a","dawn","Name: C3.3AN Location: PCU H/K Sensor: PCU Current Monitor Sensor Type: Current Sensor Gain: 0.15 Offset: 0 Sensor Offset FC1: 0 Sensor Offset FC2: 0 I_3_3 = DN * Gain + Offset + Sensor Offset [mA] Lower limit red: 100 mA Lower limit yellow: 170 mA Upper limit yellow: 850 mA Upper limit red: 1400 mA","ppi","ASCII_Real","0","1","-9999.999","9999.999","Unbounded","Unbounded","Units_of_None","none","TBD_classConcept","REAL"
"dawn:fc:2                             dawn:i_5:1                           ","Attribute","i_5","n/a","dawn","Name: C5FEE Location: PCU H/K Sensor: PCU Current Monitor Sensor Type: Current Sensor Gain: 0.05 Offset: 0 Sensor Offset FC1: 0 Sensor Offset FC2: 0 I_2_5 = DN * Gain + Offset + Sensor Offset [mA] Lower limit red: 100 mA Lower limit yellow: 250 mA Upper limit yellow: 350 mA Upper limit red: 400 mA","ppi","ASCII_Real","0","1","-9999.999","9999.999","Unbounded","Unbounded","Units_of_None","none","TBD_classConcept","REAL"
"dawn:fc:2                             dawn:i_5_analog:1                    ","Attribute","i_5_analog","n/a","dawn","Name: C5AN Location: PCU H/K Sensor: PCU Current Monitor Sensor Type: Current Sensor Gain: 0.2 Offset: 0 Sensor Offset FC1: 0 Sensor Offset FC2: 0 I_5_ANALOG = DN * Gain + Offset + Sensor Offset [mA] Lower limit red: 75 mA Lower limit yellow: 100 mA Upper limit yellow: 1150 mA Upper limit red: 1300 mA","ppi","ASCII_Real","0","1","-9999.999","9999.999","Unbounded","Unbounded","Units_of_None","none","TBD_classConcept","REAL"
"dawn:fc:2                             dawn:i_m5:1                          ","Attribute","i_m5","n/a","dawn","Name: C-5FEE Location: PCU H/K Sensor: PCU Current Monitor Sensor Type: Current Sensor Gain: -0.015 Offset: 0 Sensor Offset FC1: 0 Sensor Offset FC2: 0 I_M5 = DN * Gain + Offset + Sensor Offset [mA] Lower limit red: -200 mA Lower limit yellow: -120 mA Upper limit yellow: -60 mA Upper limit red: -30 mA","ppi","ASCII_Real","0","1","-9999.999","9999.999","Unbounded","Unbounded","Units_of_None","none","TBD_classConcept","REAL"
"dawn:fc:2                             dawn:i_m5_analog:1                   ","Attribute","i_m5_analog","n/a","dawn","Name: C-5AN Location: PCU H/K Sensor: PCU Current Monitor Sensor Type: Current Sensor Gain: -0.015 Offset: 0 Sensor Offset FC1: 0 Sensor Offset FC2: 0 I_M5_ANALOG = DN * Gain + Offset + Sensor Offset [mA] Lower limit red: -100 mA Lower limit yellow: -60 mA Upper limit yellow: -20 mA Upper limit red: -10 mA","ppi","ASCII_Real","0","1","-9999.999","9999.999","Unbounded","Unbounded","Units_of_None","none","TBD_classConcept","REAL"
"dawn:fc:2                             dawn:mcu_flag:1                      ","Attribute","mcu_flag","n/a","dawn","OFF = MCU is disabled, mechanisms cannot be moved ON = MCU is enabled, mechanisms (filterwheel and front door) can be moved","ppi","ASCII_String","0","1","Unbounded","Unbounded","1","Unbounded","Units_of_None","none","TBD_classConcept","SHORT_STRING"
"dawn:fc:2                             dawn:mcu_flag:2                       Value:OFF","Value","OFF","","","TBD_Ingest_LDD"
"dawn:fc:2                             dawn:mcu_flag:2                       Value:ON","Value","ON","","","TBD_Ingest_LDD"
"dawn:fc:2                             dawn:mcu_hardware_id:1               ","Attribute","mcu_hardware_id","n/a","dawn","10 = MCU ID of FC1 (FS1) 12 = MCU ID of FC2 (FM2)","ppi","ASCII_String","0","1","Unbounded","Unbounded","1","Unbounded","Units_of_None","none","TBD_classConcept","SHORT_STRING"
"dawn:fc:2                             dawn:mcu_hardware_id:2                Value:10","Value","10","","","TBD_Ingest_LDD"
"dawn:fc:2                             dawn:mcu_hardware_id:2                Value:12","Value","12","","","TBD_Ingest_LDD"
"dawn:fc:2                             dawn:mcu_motor_flag:1                ","Attribute","mcu_motor_flag","n/a","dawn","OFF = Both motors (Front Door and Filterwheel) are unpowered. ON = Both motors are powered. Either to hold their position or to move to another position. ","ppi","ASCII_String","0","1","Unbounded","Unbounded","1","Unbounded","Units_of_None","none","TBD_classConcept","SHORT_STRING"
"dawn:fc:2                             dawn:mcu_motor_flag:2                 Value:OFF","Value","OFF","","","TBD_Ingest_LDD"
"dawn:fc:2                             dawn:mcu_motor_flag:2                 Value:ON","Value","ON","","","TBD_Ingest_LDD"
"dawn:fc:2                             dawn:operator:1                      ","Attribute","operator","n/a","dawn","This keyword was used during ground tests to indicate the responsible operator of the test.","ppi","ASCII_String","0","1","Unbounded","Unbounded","1","Unbounded","Units_of_None","none","TBD_classConcept","SHORT_STRING"
"dawn:fc:2                             dawn:pcu_hardware_id:1               ","Attribute","pcu_hardware_id","n/a","dawn","3.05 = PCU ID of FC1 (FS1) 2.04 = PCU ID of FC2 (FM2)","ppi","ASCII_String","0","1","Unbounded","Unbounded","1","Unbounded","Units_of_None","none","TBD_classConcept","SHORT_STRING"
"dawn:fc:2                             dawn:pcu_hardware_id:2                Value:2.04","Value","2.04","","","TBD_Ingest_LDD"
"dawn:fc:2                             dawn:pcu_hardware_id:2                Value:3.05","Value","3.05","","","TBD_Ingest_LDD"
"dawn:fc:2                             dawn:purpose:1                       ","Attribute","purpose","n/a","dawn","This keyword was used during ground tests to describe the purpose of the test.","ppi","ASCII_String","0","1","Unbounded","Unbounded","1","Unbounded","Units_of_None","none","TBD_classConcept","SHORT_STRING"
"dawn:fc:2                             dawn:subject:1                       ","Attribute","subject","n/a","dawn","This keyword was used during ground tests to describe the subject used during the test.","ppi","ASCII_String","0","1","Unbounded","Unbounded","1","Unbounded","Units_of_None","none","TBD_classConcept","SHORT_STRING"
"dawn:fc:2                             dawn:target:1                        ","Attribute","target","n/a","dawn","This keyword was used during ground tests to describe the target the FC was pointing at during the test","ppi","ASCII_String","0","1","Unbounded","Unbounded","1","Unbounded","Units_of_None","none","TBD_classConcept","SHORT_STRING"
"dawn:fc:2                             dawn:test_lamp:1                     ","Attribute","test_lamp","n/a","dawn","This keyword was used during ground tests to define the lamp that was used during the test.","ppi","ASCII_String","0","1","Unbounded","Unbounded","1","Unbounded","Units_of_None","none","TBD_classConcept","SHORT_STRING"
"dawn:fc:2                             dawn:t_baffle:1                      ","Attribute","t_baffle","n/a","dawn","Name: TBF Location: Baffle H/K Sensor: Baffle Thermistor Sensor Type: AD590 Gain: 0.9975 Offset: -129.5 Sensor Offset FC1: -2.1 Sensor Offset FC2: -3.1 T_BAFFLE = DN * Gain + Offset + Sensor Offset + 273.150 [deg C] T_BAFFLE = DN * Gain + Offset + Sensor Offset [Kelvin] Lower limit red: -55.0 deg C Lower limit yellow: -50.0 deg C Upper limit yellow: +40.0 deg C Upper limit red: +45.0 deg C","ppi","ASCII_Real","0","1","-999.999","999.999","Unbounded","Unbounded","Units_of_None","none","TBD_classConcept","REAL"
"dawn:fc:2                             dawn:t_ccd:1                         ","Attribute","t_ccd","n/a","dawn","Name: HK-Tccd Location: DPU H/K Sensor: FEE CCD Thermistor Sensor Type: AD590 Gain: 0.0373 Offset: -273 Sensor Offset FC1: -5.240 Sensor Offset FC2: -3.960 T_CCD = DN * Gain + Offset + Sensor Offset [deg C] T_CCD = DN * Gain + Offset + Sensor Offset + 273.150 [Kelvin] The CCD is passively cooled, the CCD-heaters are for non-operation mode only. Lower limit red: -95.0 deg C Lower limit yellow: -75.0 deg C Upper limit yellow: +35.0 deg C Upper limit red: +40.0 deg C","ppi","ASCII_Real","0","1","-999.999","999.999","Unbounded","Unbounded","Units_of_None","none","TBD_classConcept","REAL"
"dawn:fc:2                             dawn:t_cover_motor:1                 ","Attribute","t_cover_motor","n/a","dawn","Name: TCM Location: Front Door H/K Sensor: FD Motor Thermistor Sensor Type: AD590 Gain: 0.9975 Offset: -129.5 Sensor Offset FC1: -2.1 Sensor Offset FC2: -1.1 T_COVER_MOTOR = DN * Gain + Offset + Sensor Offset [deg C] T_COVER_MOTOR = DN * Gain + Offset + Sensor Offset + 273.150 [Kelvin] Lower limit red: -55.0 deg C Lower limit yellow: -50.0 deg C Upper limit yellow: +50.0 deg C Upper limit red: +60.0 deg C","ppi","ASCII_Real","0","1","-999.999","999.999","Unbounded","Unbounded","Units_of_None","none","TBD_classConcept","REAL"
"dawn:fc:2                             dawn:t_csc:1                         ","Attribute","t_csc","n/a","dawn","Name: HK-Tpcu3 Location: PCU H/K Sensor: PCU Board Thermistor 1 (PCU Center Screw Thermistor) Sensor Type: AD590 Gain: 0.0373 Offset: -273 Sensor Offset FC1: -3.210 Sensor Offset FC2: -3.210 T_CSC = DN * Gain + Offset + Sensor Offset [deg C] T_CSC = DN * Gain + Offset + Sensor Offset + 273.150 [Kelvin] The CCD is passively cooled, the CCD-heaters are for non-operation mode only. Lower limit red: -40.0 deg C Lower limit yellow: -35.0 deg C Upper limit yellow: +70.0 deg C Upper limit red: +80.0 deg C","ppi","ASCII_Real","0","1","-999.999","999.999","Unbounded","Unbounded","Units_of_None","none","TBD_classConcept","REAL"
"dawn:fc:2                             dawn:t_dcdc:1                        ","Attribute","t_dcdc","n/a","dawn","Name: HK-Tpcu1 Location: PCU H/K Sensor: PCU Converter Board Thermistor Sensor Type: AD590 Gain: 0.0373 Offset: -273 Sensor Offset FC1: -1.980 Sensor Offset FC2: -1.980 T_DCDC = DN * Gain + Offset + Sensor Offset [deg C] T_DCDC = DN * Gain + Offset + Sensor Offset + 273.150 [Kelvin] Lower limit red: -40.0 deg C Lower limit yellow: -35.0 deg C Upper limit yellow: +70.0 deg C Upper limit red: +80.0 deg C","ppi","ASCII_Real","0","1","-999.999","999.999","Unbounded","Unbounded","Units_of_None","none","TBD_classConcept","REAL"
"dawn:fc:2                             dawn:t_dpu:1                         ","Attribute","t_dpu","n/a","dawn","Name: HK-Tdpu Location: DPU H/K Sensor: DPU Board Thermistor Sensor Type: AD590 Gain: 0.0373 Offset: -273 Sensor Offset FC1: -7.960 Sensor Offset FC2: -3.960 T_DPU = DN * Gain + Offset + Sensor Offset [deg C] T_DPU = DN * Gain + Offset + Sensor Offset + 273.150 [Kelvin] Lower limit red: -40.0 deg C Lower limit yellow: -35.0 deg C Upper limit yellow: +80.0 deg C Upper limit red: +90.0 deg C","ppi","ASCII_Real","0","1","-999.999","999.999","Unbounded","Unbounded","Units_of_None","none","TBD_classConcept","REAL"
"dawn:fc:2                             dawn:t_f12:1                         ","Attribute","t_f12","n/a","dawn","Name: HK-Tpcu2 Location: PCU H/K Sensor: PCU Board Thermistor 1 (PCU FEE 12 V I/F Thermistor) Sensor Type: AD590 Gain: 0.0373 Offset: -273 Sensor Offset FC1: -2.580 Sensor Offset FC2: -2.580 T_F12 = DN * Gain + Offset + Sensor Offset [deg C] T_F12 = DN * Gain + Offset + Sensor Offset + 273.150 [Kelvin] Lower limit red: -40.0 deg C Lower limit yellow: -35.0 deg C Upper limit yellow: +70.0 deg C Upper limit red: +80.0 deg C","ppi","ASCII_Real","0","1","-999.999","999.999","Unbounded","Unbounded","Units_of_None","none","TBD_classConcept","REAL"
"dawn:fc:2                             dawn:t_filter_motor:1                ","Attribute","t_filter_motor","n/a","dawn","Name: TFM Location: Filter Wheel H/K Sensor: Filter Motor Thermistor Sensor Type: AD590 Gain: 0.9975 Offset: -129.5 Sensor Offset FC1: -3.1 Sensor Offset FC2: -2.1 T_FILTER_MOTOR = DN * Gain + Offset + Sensor Offset [deg C] T_FILTER_MOTOR = DN * Gain + Offset\ + Sensor Offset + 273.150 [Kelvin] Lower limit red: -55.0 deg C Lower limit yellow: -50.0 deg C Upper limit yellow: +50.0 deg C Upper limit red: +60.0 deg C","ppi","ASCII_Real","0","1","-999.999","999.999","Unbounded","Unbounded","Units_of_None","none","TBD_classConcept","REAL"
"dawn:fc:2                             dawn:t_lens_barrel:1                 ","Attribute","t_lens_barrel","n/a","dawn","Name: TLB Location: Lens Barrel H/K Sensor: Lens Barrel Thermistor Sensor Type: AD590 Gain: 0.9975 Offset: -129.5 Sensor Offset FC1: -1.1 Sensor Offset FC2: -1.1 T_LENS_BARREL = DN * Gain + Offset + Sensor Offset [deg C] T_LENS_BARREL = DN * Gain + Offset + Sensor Offset + 273.150 [Kelvin] Lower limit red: -55.0 deg C Lower limit yellow: -50.0 deg C Upper limit yellow: +40.0 deg C Upper limit red: +45.0 deg C","ppi","ASCII_Real","0","1","-999.999","999.999","Unbounded","Unbounded","Units_of_None","none","TBD_classConcept","REAL"
"dawn:fc:2                             dawn:t_rad_motor:1                   ","Attribute","t_rad_motor","n/a","dawn","Name: TRD Location: Radiator H/K Sensor: Radiator Thermistor Sensor Type: AD590 Gain: 0.9975 Offset: -129.5 Sensor Offset FC1: -1.1 Sensor Offset FC2: -1.1 T_RAD_MOTOR = DN * Gain + Offset + Sensor Offset [deg C] T_RAD_MOTOR = DN * Gain + Offset + Sensor Offset + 273.150 [Kelvin] Lower limit red: -115.0 deg C Lower limit yellow: -95.0 deg C Upper limit yellow: +35.0 deg C Upper limit red: +40.0 deg C Note: This is not a motor temperature!","ppi","ASCII_Real","0","1","-999.999","999.999","Unbounded","Unbounded","Units_of_None","none","TBD_classConcept","REAL"
"dawn:fc:2                             dawn:t_structure:1                   ","Attribute","t_structure","n/a","dawn","Name: TCS Location: Camera Head H/K Sensor: CH Structure Thermistor Sensor Type: AD590 Gain: 0.9975 Offset: -129.5 Sensor Offset FC1: -3.1 Sensor Offset FC2: -4.1 T_STRUCTURE = DN * Gain + Offset + Sensor Offset [deg C] T_STRUCTURE = DN * Gain + Offset + Sensor Offset + 273.150 [Kelvin] Lower limit red: -55.0 deg C Lower limit yellow: -50.0 deg C Upper limit yellow: +40.0 deg C Upper limit red: +45.0 deg C","ppi","ASCII_Real","0","1","-999.999","999.999","Unbounded","Unbounded","Units_of_None","none","TBD_classConcept","REAL"
"dawn:fc:2                             dawn:udplib_software_version:1       ","Attribute","udplib_software_version","n/a","dawn","Current version of the FC UDP library","ppi","ASCII_String","0","1","Unbounded","Unbounded","1","Unbounded","Units_of_None","none","TBD_classConcept","SHORT_STRING"
"dawn:fc:2                             dawn:use_pre_clear:1                 ","Attribute","use_pre_clear","n/a","dawn","OFF = No pre-clear of the CCD prior to an image acquisition. ON = A pre-clear of the CCD, 193 ms prior to an image acquisition, removes all charge that is on the CCD at this moment","ppi","ASCII_String","0","1","Unbounded","Unbounded","1","Unbounded","Units_of_None","none","TBD_classConcept","SHORT_STRING"
"dawn:fc:2                             dawn:use_pre_clear:2                  Value:OFF","Value","OFF","","","TBD_Ingest_LDD"
"dawn:fc:2                             dawn:use_pre_clear:2                  Value:ON","Value","ON","","","TBD_Ingest_LDD"
"dawn:fc:2                             dawn:v_12:1                          ","Attribute","v_12","n/a","dawn","Name: V12FEE Location: PCU H/K Sensor: PCU Voltage Monitor Sensor Type: Voltage Sensor Gain: 0.0012 Offset: 0 Sensor Offset FC1: 0 Sensor Offset FC2: 0 V_12 = DN * Gain + Offset + Sensor Offset [V] Lower limit red: 11.0 V Lower limit yellow: 11.7 V Upper limit yellow: 12.5 V Upper limit red: 13.0 V","ppi","ASCII_Real","0","1","-9999.999","9999.999","Unbounded","Unbounded","Units_of_None","none","TBD_classConcept","REAL"
"dawn:fc:2                             dawn:v_16:1                          ","Attribute","v_16","n/a","dawn","Name: V16V15 Location: PCU H/K Sensor: PCU Voltage Monitor Sensor Type: Voltage Sensor Gain: 0.000165 Offset: 0 Sensor Offset FC1: 0 Sensor Offset FC2: 0 V_16 = DN * Gain + Offset + Sensor Offset [V] Lower limit red: 14.7 V Lower limit yellow: 15.2 V Upper limit yellow: 16.5 V Upper limit red: 17.0 V","ppi","ASCII_Real","0","1","-9999.999","9999.999","Unbounded","Unbounded","Units_of_None","none","TBD_classConcept","REAL"
"dawn:fc:2                             dawn:v_28:1                          ","Attribute","v_28","n/a","dawn","Name: V28M Location: PCU H/K Sensor: Main +28V Voltage Monitor Sensor Type: Voltage Sensor Gain: 0.04 Offset: 0 Sensor Offset FC1: 0 Sensor Offset FC2: 0 V_28 = DN * Gain + Offset + Sensor Offset [V] Lower limit red: 20.0 V Lower limit yellow: 21.5 V Upper limit yellow: 35.5 V Upper limit red: 37.0 V","ppi","ASCII_Real","0","1","-9999.999","9999.999","Unbounded","Unbounded","Units_of_None","none","TBD_classConcept","REAL"
"dawn:fc:2                             dawn:v_2_5:1                         ","Attribute","v_2_5","n/a","dawn","Name: V2.5AN Location: PCU H/K Sensor: PCU Voltage Monitor Sensor Type: Voltage Sensor Gain: 0.00025 Offset: 0 Sensor Offset FC1: 0 Sensor Offset FC2: 0 V_2_5 = DN * Gain + Offset + Sensor Offset [V] Lower limit red: 2.1 V Lower limit yellow: 2.3 V Upper limit yellow: 2.8 V Upper limit red: 3.0 V","ppi","ASCII_Real","0","1","-9999.999","9999.999","Unbounded","Unbounded","Units_of_None","none","TBD_classConcept","REAL"
"dawn:fc:2                             dawn:v_3_3:1                         ","Attribute","v_3_3","n/a","dawn","Name: V3.3AN Location: PCU H/K Sensor: PCU Voltage Monitor Sensor Type: Voltage Sensor Gain: 0.00033 Offset: 0 Sensor Offset FC1: 0 Sensor Offset FC2: 0 V_3_3 = DN * Gain + Offset + Sensor Offset [V] Lower limit red: 3.0 V Lower limit yellow: 3.2 V Upper limit yellow: 3.7 V Upper limit red: 3.9 V","ppi","ASCII_Real","0","1","-9999.999","9999.999","Unbounded","Unbounded","Units_of_None","none","TBD_classConcept","REAL"
"dawn:fc:2                             dawn:v_5:1                           ","Attribute","v_5","n/a","dawn","Name: V5FEE Location: PCU H/K Sensor: PCU Voltage Monitor Sensor Type: Voltage Sensor Gain: 0.00052 Offset: 0 Sensor Offset FC1: 0 Sensor Offset FC2: 0 V_5 = DN * Gain + Offset + Sensor Offset [V] Lower limit red: 4.5 V Lower limit yellow: 4.7 V Upper limit yellow: 5.5 V Upper limit red: 5.8 V","ppi","ASCII_Real","0","1","-9999.999","9999.999","Unbounded","Unbounded","Units_of_None","none","TBD_classConcept","REAL"
"dawn:fc:2                             dawn:v_5_analog:1                    ","Attribute","v_5_analog","n/a","dawn","Name: V5AN Location: PCU H/K Sensor: PCU Voltage Monitor Sensor Type: Voltage Sensor Gain: 0.00052 Offset: 0 Sensor Offset FC1: 0 Sensor Offset FC2: 0 V_5_ANALOG = DN * Gain + Offset + Sensor Offset [V] Lower limit red: 4.5 V Lower limit yellow: 4.7 V Upper limit yellow: 5.5 V Upper limit red: 5.8 V","ppi","ASCII_Real","0","1","-9999.999","9999.999","Unbounded","Unbounded","Units_of_None","none","TBD_classConcept","REAL"
"dawn:fc:2                             dawn:v_m5:1                          ","Attribute","v_m5","n/a","dawn","Name: V-5FEE Location: PCU H/K Sensor: PCU Voltage Monitor Sensor Type: Voltage Sensor Gain: -0.0005 Offset: 0 Sensor Offset FC1: 0 Sensor Offset FC2: 0 V_M5 = DN * Gain + Offset + Sensor Offset [V] Lower limit red: -5.8 V Lower limit yellow: -5.5 V Upper limit yellow: -4.7 V Upper limit red: -4.5 V","ppi","ASCII_Real","0","1","-9999.999","9999.999","Unbounded","Unbounded","Units_of_None","none","TBD_classConcept","REAL"
"dawn:fc:2                             dawn:v_m5_analog:1                   ","Attribute","v_m5_analog","n/a","dawn","Name: V-5AN Location: PCU H/K Sensor: PCU Voltage Monitor Sensor Type: Voltage Sensor Gain: -0.0005 Offset: 0 Sensor Offset FC1: 0 Sensor Offset FC2: 0 V_M5_ANALOG = DN * Gain + Offset + Sensor Offset [V] Lower limit red: -5.8 V Lower limit yellow: -5.5 V Upper limit yellow: -4.7 V Upper limit red: -4.5 V","ppi","ASCII_Real","0","1","-9999.999","9999.999","Unbounded","Unbounded","Units_of_None","none","TBD_classConcept","REAL"
"dawn:fc:2                             dawn:alt_start_time:1                ","Attribute","alt_start_time","n/a","dawn"," Same as global keyword START_TIME; allows one label to specify both YYYY-MM-DD and YYYY-DDD without using a list.","ppi","ASCII_Date_Time_YMD_UTC","0","1","Unbounded","Unbounded","Unbounded","Unbounded","Units_of_None","none","TBD_classConcept","SHORT_STRING"
"dawn:fc:2                             dawn:alt_stop_time:1                 ","Attribute","alt_stop_time","n/a","dawn"," Same as global keyword STOP_TIME; allows one label to specify both YYYY-MM-DD and YYYY-DDD without using a list.","ppi","ASCII_Date_Time_YMD_UTC","0","1","Unbounded","Unbounded","Unbounded","Unbounded","Units_of_None","none","TBD_classConcept","SHORT_STRING"
"dawn:vir:1                           ","Class","vir","1.0.0.0","dawn","The Dawn "vir" class is the container for Dawn Visual and Infrared Spectrometer (VIR) specific metadata elements. ","ppi","","","","","","","","","","",""
"dawn:vir:2                            dawn:frame_parameter_unit:1          ","Attribute","frame_parameter_unit","n/a","dawn"," This keyword defines the units of FRAME_PARAMETER that define the individual frame parameters of an instrument that transfers single frames to the mass memory of the spacecraft or the instrument. The FRAME_PARAMETER element is also accompanied by the element FRAME_PARAMETER_DESC, e.g. FRAME_PARAMETER_DESC = ('EXPOSURE_DURATION', 'FRAME_SUMMING', 'EXTERNAL_REPETITION_TIME', 'EXTERNAL DARK_ACQUISITION_RATE')","ppi","ASCII_String","0","1","Unbounded","Unbounded","1","Unbounded","Units_of_None","none","TBD_classConcept","SHORT_STRING"
"dawn:vir:2                            dawn:instrument_temperature_unit:1   ","Attribute","instrument_temperature_unit","n/a","dawn"," The units of instrument or some part of an instrument; for example: FOCAL PLANE, TELESCOPE, SPECTROMETER, CRYOCOOLER","ppi","ASCII_String","0","1","Unbounded","Unbounded","1","Unbounded","Units_of_None","none","TBD_classConcept","SHORT_STRING"
"dawn:vir:2                            dawn:vir_ir_start_x_position:1       ","Attribute","vir_ir_start_x_position","n/a","dawn"," This keyword gives the X coordinate of the first CCD pixel used on the IR FPA. This quantity determines the correspondence between wavelength and spectral channels.","ppi","ASCII_Real","0","1","-1.7976931348623157e308","1.7976931348623157e308","Unbounded","Unbounded","Units_of_None","none","TBD_classConcept","REAL"
"dawn:vir:2                            dawn:vir_ir_start_y_position:1       ","Attribute","vir_ir_start_y_position","n/a","dawn"," This keyword gives the Y coordinate of the first CCD pixel used on the IR FPA. This quantity determines the correspondence between wavelength and spectral channels.","ppi","ASCII_Real","0","1","-1.7976931348623157e308","1.7976931348623157e308","Unbounded","Unbounded","Units_of_None","none","TBD_classConcept","REAL"
"dawn:vir:2                            dawn:scan_parameter:1                ","Attribute","scan_parameter","n/a","dawn","Same as global keyword SCAN_PARAMETER but allows negative values","ppi","ASCII_Real","0","1","-1.7976931348623157e308","1.7976931348623157e308","Unbounded","Unbounded","Units_of_None","none","TBD_classConcept","REAL"
"dawn:vir:2                            dawn:scan_parameter_unit:1           ","Attribute","scan_parameter_unit","n/a","dawn","This keyword defines the units of DAWN:SCAN_PARAMETER","ppi","ASCII_String","0","1","Unbounded","Unbounded","1","Unbounded","Units_of_None","none","TBD_classConcept","SHORT_STRING"
"dawn:vir:2                            dawn:vir_vis_start_x_position:1      ","Attribute","vir_vis_start_x_position","n/a","dawn"," This keyword gives the X coordinate of the first CCD pixel used on the VIS FPA. This quantity determines the correspondence between wavelength and spectral channels.","ppi","ASCII_Real","0","1","-1.7976931348623157e308","1.7976931348623157e308","Unbounded","Unbounded","Units_of_None","none","TBD_classConcept","REAL"
"dawn:vir:2                            dawn:vir_vis_start_y_position:1      ","Attribute","vir_vis_start_y_position","n/a","dawn"," This keyword gives the Y coordinate of the first CCD pixel used on the VIS FPA. This quantity determines the correspondence between wavelength and spectral channels.","ppi","ASCII_Real","0","1","-1.7976931348623157e308","1.7976931348623157e308","Unbounded","Unbounded","Units_of_None","none","TBD_classConcept","REAL"
"dawn:grand:1                         ","Class","grand","1.0.0.0","dawn","GRaND parameters","ppi","","","","","","","","","","",""
"dawn:Dawn:1                          ","Class","Dawn","1.0.0.0","dawn","The Dawn class is the container for Dawn mission-specific metadata elements. ","ppi","","","","","","","","","","",""
"dawn:Dawn:2                           dawn:mission_phase_name:1            ","Attribute","mission_phase_name","n/a","dawn","The mission_phase_name attribute provides the mission-defined name of a mission phase.","ppi","ASCII_Short_String_Collapsed","0","*","Unbounded","Unbounded","1","255","Units_of_None","none","TBD_classConcept","SHORT_STRING"
"dawn:Dawn:2                           dawn:mission_phase_name:2             Value:Launch","Value","Launch","","","2007-09-27T11:34"
"dawn:Dawn:2                           dawn:mission_phase_name:2             Value:INITIAL CHECKOUT (IC","Value","INITIAL CHECKOUT (ICO)","","","2007-09-27 to 2008-01-19T00:00"
"dawn:Dawn:2                           dawn:mission_phase_name:2             Value:EARTH-MARS CRUISE (E","Value","EARTH-MARS CRUISE (EMC)","","","2008-01-19T00:00 to 2009-02-16T00:00"
"dawn:Dawn:2                           dawn:mission_phase_name:2             Value:MARS GRAVITY ASSIST ","Value","MARS GRAVITY ASSIST (MGA)","","","2009-02-16T00:00 to 2010-03-23T00:00"
"dawn:Dawn:2                           dawn:mission_phase_name:2             Value:MARS-VESTA CRUISE (M","Value","MARS-VESTA CRUISE (MVC)","","","2010-03-23T00:00 to 2011-05-03T10:49"
"dawn:Dawn:2                           dawn:mission_phase_name:2             Value:VESTA ENCOUNTER","Value","VESTA ENCOUNTER","","","2011-05-03T10:49 to 2012-09-10T21:50"
"dawn:Dawn:2                           dawn:mission_phase_name:2             Value:VESTA SCIENCE APPROA","Value","VESTA SCIENCE APPROACH (VSA)","","","2011-05-03T10:49 to 2011-08-11T12:00"
"dawn:Dawn:2                           dawn:mission_phase_name:2             Value:VESTA SCIENCE SURVEY","Value","VESTA SCIENCE SURVEY (VSS)","","","2011-08-11T12:00 to 2011-08-31T20:26"
"dawn:Dawn:2                           dawn:mission_phase_name:2             Value:VESTA TRANSFER TO HA","Value","VESTA TRANSFER TO HAMO (VTH)","","","2011-08-31T20:26 to 2011-09-29T09:59"
"dawn:Dawn:2                           dawn:mission_phase_name:2             Value:VESTA SCIENCE HAMO (","Value","VESTA SCIENCE HAMO (VSH)","","","2011-09-29T09:59 to 2011-11-02T10:40"
"dawn:Dawn:2                           dawn:mission_phase_name:2             Value:VESTA TRANSFER TO LA","Value","VESTA TRANSFER TO LAMO (VTL)","","","2011-11-02T10:40 to 2011-12-12T22:44"
"dawn:Dawn:2                           dawn:mission_phase_name:2             Value:VESTA SCIENCE LAMO (","Value","VESTA SCIENCE LAMO (VSL)","","","2011-12-12T22:44 to 2012-05-01T11:50"
"dawn:Dawn:2                           dawn:mission_phase_name:2             Value:VESTA TRANSFER TO HA","Value","VESTA TRANSFER TO HAMO 2 (VT2)","","","2012-05-01T11:50 to 2012-06-15T10:00"
"dawn:Dawn:2                           dawn:mission_phase_name:2             Value:VESTA SCIENCE HAMO 2","Value","VESTA SCIENCE HAMO 2 (VH2)","","","2012-06-15T10:00 to 2012-07-25T15:10"
"dawn:Dawn:2                           dawn:mission_phase_name:2             Value:VESTA TRANSFER TO CE","Value","VESTA TRANSFER TO CERES (VTC)","","","2012-07-25T15:10 to 2012-09-10T21:50"
"dawn:Dawn:2                           dawn:mission_phase_name:2             Value:VESTA-CERES CRUISE (","Value","VESTA-CERES CRUISE (VCC)","","","2012-09-10T21:50 to 2014-12-26T02:50"
"dawn:Dawn:2                           dawn:mission_phase_name:2             Value:CERES ENCOUNTER","Value","CERES ENCOUNTER","","","2014-12-26T02:50 to 2016-06-01"
"dawn:Dawn:2                           dawn:mission_phase_name:2             Value:CERES SCIENCE APPROA","Value","CERES SCIENCE APPROACH (CSA)","","","2014-12-26T02:50 to 2015-04-24T00:00"
"dawn:Dawn:2                           dawn:mission_phase_name:2             Value:CERES SCIENCE RC3 (C","Value","CERES SCIENCE RC3 (CSR)","","","2015-04-24T00:00 to 2015-05-09T10:00"
"dawn:Dawn:2                           dawn:mission_phase_name:2             Value:CERES TRANSFER TO SU","Value","CERES TRANSFER TO SURVEY (CTS)","","","2015-05-09T10:00 to 2015-06-04T12:00"
"dawn:Dawn:2                           dawn:mission_phase_name:2             Value:CERES SCIENCE SURVEY","Value","CERES SCIENCE SURVEY (CSS)","","","2015-06-04T12:00 to 2015-07-01T00:00"
"dawn:Dawn:2                           dawn:mission_phase_name:2             Value:CERES TRANSFER TO HA","Value","CERES TRANSFER TO HAMO (CTH)","","","2015-07-01T00:00 to 2015-08-16T23:59"
"dawn:Dawn:2                           dawn:mission_phase_name:2             Value:CERES SCIENCE HAMO (","Value","CERES SCIENCE HAMO (CSH)","","","2015-08-16T23:59 to 2015-10-23T20:30"
"dawn:Dawn:2                           dawn:mission_phase_name:2             Value:CERES TRANSFER TO LA","Value","CERES TRANSFER TO LAMO (CTL)","","","2015-10-23:20:30 to 2015-12-16T01:00"
"dawn:Dawn:2                           dawn:mission_phase_name:2             Value:CERES SCIENCE LAMO (","Value","CERES SCIENCE LAMO (CSL)","","","2015-12-16T01:00 to 2016-06-19T12:00"
"dawn:Dawn:2                           dawn:mission_phase_name:2             Value:END OF PRIME MISSION","Value","END OF PRIME MISSION","","","2016-06-19T12:00"
"dawn:Dawn:2                           dawn:mission_phase_name:2             Value:CERES EXTENDED MISSI","Value","CERES EXTENDED MISSION","","","2016-06-19T12:00 to 2017-07-01T00:00"
"dawn:Dawn:2                           dawn:mission_phase_name:2             Value:CERES EXTENDED LAMO ","Value","CERES EXTENDED LAMO (CXL)","","","2016-06-19T12:00 to 2016-09-02T12:00"
"dawn:Dawn:2                           dawn:mission_phase_name:2             Value:CERES TRANSFER TO JU","Value","CERES TRANSFER TO JULING (CTJ)","","","2016-09-02T12:00 to 2016-10-10T00:00"
"dawn:Dawn:2                           dawn:mission_phase_name:2             Value:CERES EXTENDED JULIN","Value","CERES EXTENDED JULING (CXJ)","","","2016-10-10T00:00 to 2016-11-03T12:00"
"dawn:Dawn:2                           dawn:mission_phase_name:2             Value:CERES TRANSFER TO GR","Value","CERES TRANSFER TO GRAND (CTG)","","","2016-11-03T12:00 to 2016-12-14T00:00"
"dawn:Dawn:2                           dawn:mission_phase_name:2             Value:CERES EXTENDED GRAND","Value","CERES EXTENDED GRAND (CXG)","","","2016-12-14T00:00 to 2017-02-23T00:00"
"dawn:Dawn:2                           dawn:mission_phase_name:2             Value:CERES TRANSFER TO OP","Value","CERES TRANSFER TO OPPOSITION (CTO)","","","2017-02-23T00:00 to 2017-04-28T00:00"
"dawn:Dawn:2                           dawn:mission_phase_name:2             Value:CERES EXTENDED OPPOS","Value","CERES EXTENDED OPPOSITION (CXO)","","","2017-04-28T00:00 to 2017-07-01T00:00"
"dawn:Dawn:2                           dawn:mission_phase_name:2             Value:END OF CERES EXTENDE","Value","END OF CERES EXTENDED MISSION","","","2018-10-31T23:59"
"dawn:Dawn:2                           dawn:spacecraft_clock_start_count:1  ","Attribute","spacecraft_clock_start_count","n/a","dawn","The spacecraft_clock_start_count attribute provides the value of the spacecraft clock at the beginning of a time period of interest. ","ppi","ASCII_Short_String_Collapsed","0","1","Unbounded","Unbounded","1","255","Units_of_None","none","TBD_classConcept","SHORT_STRING"
"dawn:Dawn:2                           dawn:spacecraft_clock_stop_count:1   ","Attribute","spacecraft_clock_stop_count","n/a","dawn","The spacecraft_clock_stop_count attribute provides the value of the spacecraft clock at the beginning of a time period of interest. ","ppi","ASCII_Short_String_Collapsed","0","1","Unbounded","Unbounded","1","255","Units_of_None","none","TBD_classConcept","SHORT_STRING"
"dawn:Dawn:2                           dawn:standard_data_product_id:1      ","Attribute","standard_data_product_id","n/a","dawn","The standard_data_product_id keyword is used to identify data products of the same processing level that are not otherwise indentified by being in different collections within the bundle.","ppi","ASCII_Short_String_Collapsed","0","1","Unbounded","Unbounded","1","255","Units_of_None","none","TBD_classConcept","SHORT_STRING"
